NR_153711.1,NR_153711.1,100.000,1469,0,0,1,1469,1,1469,0.0,2713
NR_153711.1,NR_147389.1,99.656,1453,2,3,10,1459,15,1467,0.0,2656
NR_153711.1,NR_147390.1,96.635,1456,42,7,10,1459,15,1469,0.0,2414
NR_153711.1,NR_116615.1,96.286,1454,49,5,10,1459,15,1467,0.0,2381
NR_153711.1,NR_116658.1,96.159,1458,47,9,10,1459,9,1465,0.0,2374
NR_153711.1,NR_116659.1,95.948,1456,52,6,10,1459,7,1461,0.0,2362
NR_153711.1,NR_116903.1,95.868,1452,51,8,10,1454,23,1472,0.0,2344
NR_153711.1,NR_041270.1,95.810,1456,54,7,10,1459,38,1492,0.0,2344
NR_153711.1,NR_147386.1,95.748,1458,52,8,10,1459,35,1490,0.0,2342
NR_153711.1,NR_144700.1,95.748,1458,54,6,10,1459,35,1492,0.0,2342
NR_153711.1,NR_112738.1,95.736,1454,58,4,10,1459,19,1472,0.0,2340
NR_153711.1,NR_042967.1,95.745,1457,54,8,10,1459,15,1470,0.0,2340
NR_153711.1,NR_025472.1,95.756,1461,46,12,10,1459,15,1470,0.0,2340
NR_153711.1,NR_114065.1,95.676,1457,55,8,10,1459,15,1470,0.0,2338
NR_153711.1,NR_025481.1,95.679,1458,53,9,10,1459,15,1470,0.0,2338
NR_153711.1,NR_112055.1,95.676,1457,55,8,10,1459,27,1482,0.0,2337
NR_153711.1,NR_028873.1,95.676,1457,55,8,10,1459,36,1491,0.0,2335
NR_153711.1,NR_116243.1,95.601,1455,57,7,10,1459,21,1473,0.0,2326
NR_153711.1,NR_043572.1,95.411,1460,55,12,10,1459,36,1493,0.0,2318
NR_153711.1,NR_042744.1,95.402,1457,59,6,10,1459,35,1490,0.0,2313
NR_153711.1,NR_116425.1,95.395,1455,60,7,10,1459,15,1467,0.0,2309
NR_153711.1,NR_148785.1,95.342,1460,54,10,10,1459,35,1490,0.0,2307
NR_153711.1,NR_025308.1,95.124,1456,64,7,10,1459,4,1458,0.0,2294
NR_153711.1,NR_148838.1,95.670,1432,52,8,10,1434,18,1446,0.0,2292
NR_153711.1,NR_109613.1,95.137,1460,57,11,10,1459,32,1487,0.0,2290
NR_153711.1,NR_042743.1,95.134,1459,59,12,10,1459,35,1490,0.0,2290
NR_153711.1,NR_136842.1,95.969,1414,50,4,27,1435,1,1412,0.0,2289
NR_153711.1,NR_126185.1,95.062,1458,61,9,10,1459,21,1475,0.0,2285
NR_153711.1,NR_044086.1,94.935,1461,69,5,3,1459,1,1460,0.0,2283
NR_153711.1,NR_042837.1,94.979,1454,69,4,10,1459,8,1461,0.0,2278
NR_153711.1,NR_132721.1,94.928,1459,64,8,10,1459,37,1494,0.0,2276
NR_153711.1,NR_114091.1,94.918,1456,67,7,10,1459,15,1469,0.0,2272
NR_153711.1,NR_041358.1,94.863,1460,62,11,10,1459,15,1471,0.0,2272
NR_153711.1,NR_113871.1,94.849,1456,68,6,10,1459,15,1469,0.0,2266
NR_153711.1,NR_044567.1,94.791,1459,67,8,7,1459,5,1460,0.0,2265
NR_153711.1,NR_146041.1,94.795,1460,62,11,8,1457,5,1460,0.0,2263
NR_153711.1,NR_144711.1,94.791,1459,64,10,10,1459,37,1492,0.0,2263
NR_153711.1,NR_116568.1,94.784,1457,66,9,10,1459,32,1485,0.0,2261
NR_153711.1,NR_043206.1,94.780,1456,69,7,10,1459,15,1469,0.0,2261
NR_153711.1,NR_028642.1,94.780,1456,69,6,10,1459,9,1463,0.0,2261
NR_153711.1,NR_043170.1,94.704,1454,73,3,10,1459,25,1478,0.0,2255
NR_153711.1,NR_114248.1,94.593,1461,65,14,10,1459,15,1472,0.0,2254
NR_153711.1,NR_041361.1,94.593,1461,65,14,10,1459,15,1472,0.0,2254
NR_153711.1,NR_044305.1,94.650,1458,68,10,10,1459,15,1470,0.0,2252
NR_153711.1,NR_044031.1,94.708,1455,67,8,13,1459,1,1453,0.0,2252
NR_153711.1,NR_024876.1,94.639,1455,72,5,10,1459,26,1479,0.0,2250
NR_153711.1,NR_149182.1,94.635,1454,73,5,10,1459,35,1487,0.0,2248
NR_153711.1,NR_108860.1,95.105,1430,64,6,10,1435,23,1450,0.0,2248
NR_153711.1,NR_116791.1,94.697,1452,70,6,13,1459,1,1450,0.0,2248
NR_153711.1,NR_024831.1,94.593,1461,64,13,10,1459,17,1473,0.0,2246
NR_153711.1,NR_156054.1,95.275,1418,63,4,21,1436,1,1416,0.0,2244
NR_153711.1,NR_040960.1,94.567,1454,73,5,10,1459,15,1466,0.0,2244
NR_153711.1,NR_109125.1,94.632,1453,67,8,15,1459,4,1453,0.0,2241
NR_153711.1,NR_115848.1,94.850,1437,63,11,26,1455,1,1433,0.0,2237
NR_153711.1,NR_147384.1,94.433,1455,76,5,10,1459,35,1489,0.0,2233
NR_153711.1,NR_109106.1,94.850,1437,62,10,10,1436,35,1469,0.0,2233
NR_153711.1,NR_108711.1,94.387,1461,68,13,10,1459,15,1472,0.0,2231
NR_153711.1,NR_104515.1,94.606,1446,71,7,10,1449,36,1480,0.0,2231
NR_153711.1,NR_132592.1,94.372,1457,74,7,10,1459,15,1470,0.0,2230
NR_153711.1,NR_108840.1,94.311,1459,73,10,10,1459,15,1472,0.0,2226
NR_153711.1,NR_044411.1,94.315,1460,72,8,10,1459,15,1473,0.0,2226
NR_153711.1,NR_114247.1,94.303,1457,74,8,10,1459,15,1469,0.0,2224
NR_153711.1,NR_041360.1,94.235,1457,75,8,10,1459,15,1469,0.0,2220
NR_153711.1,NR_025659.1,94.243,1459,72,11,10,1459,15,1470,0.0,2220
NR_153711.1,NR_043025.1,94.689,1431,71,5,10,1436,6,1435,0.0,2217
NR_153711.1,NR_042860.1,94.235,1457,75,8,10,1459,5,1459,0.0,2217
NR_153711.1,NR_116553.1,94.170,1458,77,8,10,1459,35,1492,0.0,2215
NR_153711.1,NR_042674.1,94.564,1435,67,10,10,1436,22,1453,0.0,2215
NR_153711.1,NR_025715.1,94.178,1460,72,12,10,1459,15,1471,0.0,2213
NR_153711.1,NR_025459.1,94.166,1457,76,8,10,1459,25,1479,0.0,2211
NR_153711.1,NR_116792.1,94.211,1451,78,5,14,1459,1,1450,0.0,2209
NR_153711.1,NR_116655.1,94.102,1458,76,9,10,1459,14,1469,0.0,2207
NR_153711.1,NR_043251.1,94.106,1459,75,10,10,1459,15,1471,0.0,2207
NR_153711.1,NR_108710.1,94.379,1441,73,8,26,1459,1,1440,0.0,2206
NR_153711.1,NR_025373.1,95.396,1390,53,10,77,1459,70,1455,0.0,2206
NR_153711.1,NR_029304.1,94.106,1459,73,12,10,1459,36,1490,0.0,2206
NR_153711.1,NR_116567.1,94.845,1416,66,5,15,1425,1,1414,0.0,2204
NR_153711.1,NR_044002.1,94.264,1447,71,12,10,1448,18,1460,0.0,2204
NR_153711.1,NR_041319.1,94.215,1452,70,13,17,1459,2,1448,0.0,2204
NR_153711.1,NR_116505.1,94.045,1461,71,15,10,1459,12,1467,0.0,2202
NR_153711.1,NR_134697.1,94.029,1457,78,8,10,1459,35,1489,0.0,2200
NR_153711.1,NR_109168.1,94.823,1410,72,1,31,1439,1,1410,0.0,2198
NR_153711.1,NR_042257.1,94.021,1455,79,8,10,1459,24,1475,0.0,2198
NR_153711.1,NR_147385.1,93.981,1462,71,15,10,1459,15,1471,0.0,2196
NR_153711.1,NR_104552.1,93.973,1460,75,12,10,1459,15,1471,0.0,2196
NR_153711.1,NR_116038.1,94.073,1451,79,7,14,1458,3,1452,0.0,2196
NR_153711.1,NR_041269.1,93.956,1456,82,5,10,1459,23,1478,0.0,2196
NR_153711.1,NR_042273.1,93.968,1459,77,10,10,1459,22,1478,0.0,2196
NR_153711.1,NR_114569.1,93.956,1456,77,11,10,1454,16,1471,0.0,2194
NR_153711.1,NR_148253.1,93.996,1449,81,6,10,1456,8,1452,0.0,2189
NR_153711.1,NR_043081.1,94.801,1404,73,0,21,1424,1,1404,0.0,2189
NR_153711.1,NR_025545.1,93.896,1458,78,10,10,1459,25,1479,0.0,2189
NR_153711.1,NR_043325.1,95.180,1390,56,11,77,1459,95,1480,0.0,2187
NR_153711.1,NR_042545.1,93.844,1462,73,16,10,1459,2,1458,0.0,2185
NR_153711.1,NR_042416.1,94.278,1433,74,8,10,1436,21,1451,0.0,2185
NR_153711.1,NR_114087.1,93.759,1458,81,10,10,1459,15,1470,0.0,2183
NR_153711.1,NR_041246.1,93.823,1457,81,8,10,1459,36,1490,0.0,2183
NR_153711.1,NR_075035.2,93.776,1462,74,16,10,1459,42,1498,0.0,2180
NR_153711.1,NR_114092.1,93.707,1462,75,16,10,1459,15,1471,0.0,2180
NR_153711.1,NR_146669.1,93.707,1462,79,12,7,1459,4,1461,0.0,2178
NR_153711.1,NR_044247.1,93.703,1461,77,14,10,1459,15,1471,0.0,2174
NR_153711.1,NR_028649.1,93.690,1458,82,10,10,1459,18,1473,0.0,2174
NR_153711.1,NR_043402.1,93.754,1457,74,14,10,1459,15,1461,0.0,2172
NR_153711.1,NR_041942.1,94.964,1390,59,10,77,1459,95,1480,0.0,2170
NR_153711.1,NR_104553.1,93.785,1448,81,8,10,1450,25,1470,0.0,2167
NR_153711.1,NR_145863.1,93.673,1454,81,10,14,1459,13,1463,0.0,2165
NR_153711.1,NR_132611.1,93.613,1456,82,11,10,1459,34,1484,0.0,2163
NR_153711.1,NR_043085.1,95.704,1350,48,8,69,1413,21,1365,0.0,2163
NR_153711.1,NR_025193.1,93.338,1456,87,8,10,1457,1,1454,0.0,2161
NR_153711.1,NR_041262.1,93.342,1472,81,15,10,1469,39,1505,0.0,2159
NR_153711.1,NR_119157.1,94.752,1391,61,12,77,1459,61,1447,0.0,2158
NR_153711.1,NR_041378.1,94.816,1389,63,8,77,1459,75,1460,0.0,2158
NR_153711.1,NR_044311.1,93.420,1459,85,10,10,1459,15,1471,0.0,2156
NR_153711.1,NR_027209.1,93.480,1457,83,12,10,1459,8,1459,0.0,2154
NR_153711.1,NR_144698.1,93.416,1458,86,10,10,1459,38,1493,0.0,2152
NR_153711.1,NR_025244.1,93.429,1461,81,14,10,1459,15,1471,0.0,2152
NR_153711.1,NR_113955.1,93.342,1457,89,8,10,1459,15,1470,0.0,2146
NR_153711.1,NR_151980.1,93.338,1456,90,7,10,1459,22,1476,0.0,2145
NR_153711.1,NR_116106.1,95.340,1352,56,6,109,1455,1,1350,0.0,2145
NR_153711.1,NR_135887.1,93.611,1440,82,10,22,1454,1,1437,0.0,2141
NR_153711.1,NR_041260.1,93.384,1451,86,10,14,1459,1,1446,0.0,2141
NR_153711.1,NR_147388.1,93.274,1457,89,7,10,1459,15,1469,0.0,2139
NR_153711.1,NR_108984.1,94.825,1372,69,2,69,1438,23,1394,0.0,2139
NR_153711.1,NR_044421.1,93.650,1433,86,5,10,1438,42,1473,0.0,2139
NR_153711.1,NR_041268.1,93.205,1457,91,8,10,1459,2,1457,0.0,2139
NR_153711.1,NR_136792.1,94.710,1380,66,7,77,1451,36,1413,0.0,2137
NR_153711.1,NR_146819.1,94.524,1388,68,8,77,1459,65,1449,0.0,2135
NR_153711.1,NR_136477.1,93.297,1462,75,22,10,1459,35,1485,0.0,2135
NR_153711.1,NR_113954.1,93.210,1458,89,10,10,1459,17,1472,0.0,2135
NR_153711.1,NR_125707.1,93.421,1444,86,8,17,1456,4,1442,0.0,2134
NR_153711.1,NR_114343.1,93.160,1462,86,13,10,1459,23,1482,0.0,2134
NR_153711.1,NR_043922.1,94.597,1388,60,14,56,1433,67,1449,0.0,2134
NR_153711.1,NR_133802.1,93.210,1458,86,13,7,1459,3,1452,0.0,2132
NR_153711.1,NR_115602.1,93.631,1413,82,8,12,1418,38,1448,0.0,2132
NR_153711.1,NR_112718.1,93.141,1458,88,12,10,1459,36,1489,0.0,2128
NR_153711.1,NR_041267.1,93.073,1458,91,10,10,1459,2,1457,0.0,2128
NR_153711.1,NR_146034.1,94.388,1390,66,12,77,1459,47,1431,0.0,2124
NR_153711.1,NR_134761.1,93.077,1459,90,8,10,1459,24,1480,0.0,2124
NR_153711.1,NR_116000.1,94.573,1382,62,13,77,1450,39,1415,0.0,2124
NR_153711.1,NR_043012.1,93.571,1431,82,10,10,1433,8,1435,0.0,2124
NR_153711.1,NR_118832.1,94.388,1390,67,11,77,1459,64,1449,0.0,2124
NR_153711.1,NR_025842.1,94.393,1391,65,13,77,1459,68,1453,0.0,2124
NR_153711.1,NR_145633.1,94.388,1390,64,14,79,1459,22,1406,0.0,2122
NR_153711.1,NR_108491.1,94.312,1389,69,10,77,1459,90,1474,0.0,2122
NR_153711.1,NR_112719.1,93.073,1458,90,11,10,1459,34,1488,0.0,2122
NR_153711.1,NR_133702.1,94.325,1392,65,12,77,1459,45,1431,0.0,2121
NR_153711.1,NR_125564.1,94.308,1388,72,7,77,1459,68,1453,0.0,2119
NR_153711.1,NR_113557.1,92.955,1462,90,12,10,1459,23,1483,0.0,2119
NR_153711.1,NR_042619.1,94.308,1388,71,8,77,1459,72,1456,0.0,2119
NR_153711.1,NR_119154.1,94.050,1395,77,5,34,1425,1,1392,0.0,2117
NR_153711.1,NR_114253.1,92.999,1457,93,9,10,1459,15,1469,0.0,2117
NR_153711.1,NR_125453.1,94.733,1367,63,9,77,1436,44,1408,0.0,2117
NR_153711.1,NR_042679.1,93.172,1450,86,13,10,1452,38,1481,0.0,2117
NR_153711.1,NR_149175.1,94.261,1394,62,15,77,1459,78,1464,0.0,2115
NR_153711.1,NR_116916.1,93.080,1445,91,9,10,1449,32,1472,0.0,2115
NR_153711.1,NR_144741.1,94.240,1389,70,10,77,1459,90,1474,0.0,2113
NR_153711.1,NR_043762.1,94.236,1388,72,8,77,1459,70,1454,0.0,2113
NR_153711.1,NR_042274.1,94.240,1389,71,8,77,1459,84,1469,0.0,2113
NR_153711.1,NR_132725.1,94.232,1387,69,11,77,1456,62,1444,0.0,2111
NR_153711.1,NR_113887.1,92.931,1457,90,13,10,1459,15,1465,0.0,2109
NR_153711.1,NR_112635.1,94.105,1391,69,13,77,1459,71,1456,0.0,2109
NR_153711.1,NR_112634.1,94.177,1391,70,9,77,1459,72,1459,0.0,2109
NR_153711.1,NR_026010.1,94.177,1391,69,12,77,1459,64,1450,0.0,2109
NR_153711.1,NR_108906.1,94.164,1388,73,8,77,1459,94,1478,0.0,2108
NR_153711.1,NR_041377.1,94.173,1390,69,12,77,1459,72,1456,0.0,2108
NR_153711.1,NR_042859.1,93.054,1454,82,14,10,1456,6,1447,0.0,2108
NR_153711.1,NR_044409.1,92.852,1455,98,6,10,1459,15,1468,0.0,2106
NR_153711.1,NR_043013.1,94.105,1391,72,8,77,1459,94,1482,0.0,2106
NR_153711.1,NR_044921.1,92.740,1460,82,19,10,1459,17,1462,0.0,2106
NR_153711.1,NR_117285.1,94.400,1375,68,9,77,1446,23,1393,0.0,2104
NR_153711.1,NR_041483.1,92.882,1461,85,18,10,1459,8,1460,0.0,2104
NR_153711.1,NR_029096.1,92.862,1457,92,12,10,1459,12,1463,0.0,2104
NR_153711.1,NR_147382.1,94.092,1388,74,8,77,1459,70,1454,0.0,2102
NR_153711.1,NR_104749.1,94.092,1388,74,8,77,1459,87,1471,0.0,2102
NR_153711.1,NR_044282.1,92.956,1448,95,7,17,1459,7,1452,0.0,2102
NR_153711.1,NR_118833.1,94.101,1390,71,11,77,1459,65,1450,0.0,2102
NR_153711.1,NR_132682.1,94.029,1390,73,9,76,1459,54,1439,0.0,2100
NR_153711.1,NR_025241.1,94.024,1389,75,8,77,1459,70,1456,0.0,2098
NR_153711.1,NR_040985.1,94.033,1391,72,9,77,1459,70,1457,0.0,2098
NR_153711.1,NR_146672.1,93.489,1413,86,5,52,1459,4,1415,0.0,2095
NR_153711.1,NR_043083.1,94.432,1365,68,8,77,1436,33,1394,0.0,2095
NR_153711.1,NR_036987.1,93.961,1391,72,10,77,1459,83,1469,0.0,2095
NR_153711.1,NR_026140.1,94.029,1390,70,13,77,1459,72,1455,0.0,2095
NR_153711.1,NR_145534.1,93.944,1387,79,5,77,1459,90,1475,0.0,2091
NR_153711.1,NR_118438.1,93.952,1389,74,10,77,1459,53,1437,0.0,2091
NR_153711.1,NR_104873.1,93.944,1387,78,5,77,1459,86,1470,0.0,2091
NR_153711.1,NR_108492.1,93.948,1388,76,8,77,1459,33,1417,0.0,2091
NR_153711.1,NR_113265.1,93.944,1387,78,5,77,1459,70,1454,0.0,2091
NR_153711.1,NR_112629.1,93.944,1387,78,5,77,1459,70,1454,0.0,2091
NR_153711.1,NR_025192.1,93.212,1429,80,16,17,1434,4,1426,0.0,2091
NR_153711.1,NR_027552.1,93.944,1387,78,5,77,1459,80,1464,0.0,2091
NR_153711.1,NR_148614.1,93.907,1395,67,15,77,1459,65,1453,0.0,2089
NR_153711.1,NR_041482.1,92.661,1458,94,11,10,1459,8,1460,0.0,2087
NR_153711.1,NR_024690.1,93.876,1388,79,6,77,1459,70,1456,0.0,2087
NR_153711.1,NR_112116.2,93.872,1387,79,5,77,1459,97,1481,0.0,2085
NR_153711.1,NR_132707.1,92.555,1464,93,12,10,1459,35,1496,0.0,2085
NR_153711.1,NR_112686.1,93.872,1387,79,5,77,1459,70,1454,0.0,2085
NR_153711.1,NR_116017.1,93.872,1387,79,5,77,1459,68,1452,0.0,2085
NR_153711.1,NR_025060.1,93.876,1388,77,8,77,1459,70,1454,0.0,2085
NR_153711.1,NR_104919.1,93.926,1383,79,5,77,1456,76,1456,0.0,2084
NR_153711.1,NR_041523.1,93.817,1391,74,11,77,1459,72,1458,0.0,2084
NR_153711.1,NR_152691.1,92.613,1462,87,21,10,1459,35,1487,0.0,2082
NR_153711.1,NR_125590.1,93.867,1386,78,7,77,1457,92,1475,0.0,2082
NR_153711.1,NR_151897.1,93.800,1387,80,5,77,1459,90,1474,0.0,2080
NR_153711.1,NR_102783.2,93.800,1387,80,5,77,1459,97,1481,0.0,2080
NR_153711.1,NR_148273.1,93.800,1387,81,5,77,1459,70,1455,0.0,2080
NR_153711.1,NR_137360.1,93.808,1389,77,9,77,1459,79,1464,0.0,2080
NR_153711.1,NR_112725.1,93.800,1387,80,5,77,1459,70,1454,0.0,2080
NR_153711.1,NR_115063.1,93.800,1387,80,5,77,1459,87,1471,0.0,2080
NR_153711.1,NR_115929.1,93.800,1387,80,5,77,1459,68,1452,0.0,2080
NR_153711.1,NR_115727.1,93.746,1391,75,11,77,1459,95,1481,0.0,2080
NR_153711.1,NR_041275.1,93.808,1389,77,8,77,1459,92,1477,0.0,2080
NR_153711.1,NR_024693.1,93.800,1387,80,5,77,1459,81,1465,0.0,2080
NR_153711.1,NR_075043.2,92.507,1468,84,24,10,1459,42,1501,0.0,2078
NR_153711.1,NR_113731.1,92.507,1468,84,24,10,1459,15,1474,0.0,2078
NR_153711.1,NR_116915.1,92.143,1451,103,10,10,1451,22,1470,0.0,2078
NR_153711.1,NR_125565.1,94.212,1365,71,8,77,1436,72,1433,0.0,2076
NR_153711.1,NR_136464.1,93.808,1389,73,11,77,1459,75,1456,0.0,2076
NR_153711.1,NR_114094.1,93.732,1388,79,8,77,1459,70,1454,0.0,2076
NR_153711.1,NR_133024.1,93.723,1386,83,4,77,1459,70,1454,0.0,2076
NR_153711.1,NR_112631.1,93.750,1392,73,12,77,1459,70,1456,0.0,2076
NR_153711.1,NR_043659.1,92.476,1462,95,12,10,1459,15,1473,0.0,2076
NR_153711.1,NR_040792.1,93.750,1392,73,12,77,1459,90,1476,0.0,2076
NR_153711.1,NR_024692.1,92.471,1461,96,12,10,1459,14,1471,0.0,2076
NR_153711.1,NR_156041.1,93.732,1388,80,6,77,1459,90,1475,0.0,2074
NR_153711.1,NR_152693.1,92.544,1462,86,22,10,1459,35,1485,0.0,2074
NR_153711.1,NR_109443.1,93.727,1387,82,5,77,1459,79,1464,0.0,2074
NR_153711.1,NR_028709.1,94.212,1365,70,8,76,1435,66,1426,0.0,2074
NR_153711.1,NR_114095.1,93.588,1388,81,8,77,1459,70,1454,0.0,2073
NR_153711.1,NR_025626.1,93.660,1388,82,6,77,1459,70,1456,0.0,2073
NR_153711.1,NR_026267.1,92.418,1464,93,15,10,1459,3,1462,0.0,2073
NR_153711.1,NR_146035.1,93.669,1390,78,10,77,1459,90,1476,0.0,2071
NR_153711.1,NR_133973.1,93.660,1388,82,6,77,1459,70,1456,0.0,2071
NR_153711.1,NR_113994.1,93.655,1387,82,5,77,1459,70,1454,0.0,2071
NR_153711.1,NR_112723.1,93.655,1387,82,5,77,1459,70,1454,0.0,2071
NR_153711.1,NR_042168.1,93.665,1389,79,9,77,1459,70,1455,0.0,2071
NR_153711.1,NR_026139.1,93.674,1391,76,12,77,1459,70,1456,0.0,2071
NR_153711.1,NR_118437.1,93.665,1389,79,9,77,1459,51,1436,0.0,2069
NR_153711.1,NR_114085.1,93.665,1389,78,10,77,1459,6,1390,0.0,2069
NR_153711.1,NR_109068.1,93.723,1386,77,10,77,1456,53,1434,0.0,2069
NR_153711.1,NR_025240.1,93.665,1389,79,9,77,1459,70,1455,0.0,2069
NR_153711.1,NR_029002.1,93.665,1389,78,10,77,1459,6,1390,0.0,2069
NR_153711.1,NR_042148.1,93.084,1417,89,6,48,1459,4,1416,0.0,2069
NR_153711.1,NR_024696.1,93.655,1387,82,5,77,1459,85,1469,0.0,2069
NR_153711.1,NR_024689.1,93.655,1387,82,5,77,1459,70,1454,0.0,2069
NR_153711.1,NR_114209.1,92.318,1458,99,10,10,1459,15,1467,0.0,2067
NR_153711.1,NR_041465.1,93.777,1382,77,8,77,1452,32,1410,0.0,2067
NR_153711.1,NR_041249.1,93.714,1384,80,6,82,1459,1,1383,0.0,2067
NR_153711.1,NR_025786.1,93.687,1394,67,20,77,1459,55,1438,0.0,2067
NR_153711.1,NR_115933.1,93.593,1389,81,8,77,1459,3,1389,0.0,2065
NR_153711.1,NR_115527.1,93.606,1392,75,13,77,1459,70,1456,0.0,2065
NR_153711.1,NR_075005.2,93.588,1388,81,7,77,1459,97,1481,0.0,2063
NR_153711.1,NR_147727.1,92.616,1449,86,14,26,1459,1,1443,0.0,2063
NR_153711.1,NR_114093.1,93.597,1390,77,12,77,1459,70,1454,0.0,2063
NR_153711.1,NR_113993.1,93.593,1389,79,10,77,1459,70,1454,0.0,2063
NR_153711.1,NR_117989.1,93.606,1392,74,13,77,1459,78,1463,0.0,2063
NR_153711.1,NR_116240.1,93.593,1389,80,7,77,1459,58,1443,0.0,2063
NR_153711.1,NR_116022.1,93.583,1387,83,5,77,1459,68,1452,0.0,2063
NR_153711.1,NR_044193.1,93.606,1392,74,13,77,1459,90,1475,0.0,2063
NR_153711.1,NR_041455.1,93.588,1388,81,7,77,1459,70,1454,0.0,2063
NR_153711.1,NR_036766.1,93.597,1390,77,12,77,1459,70,1454,0.0,2063
NR_153711.1,NR_025446.1,93.602,1391,75,13,77,1459,77,1461,0.0,2063
NR_153711.1,NR_115059.1,92.536,1447,95,12,17,1458,8,1446,0.0,2061
NR_153711.1,NR_108311.1,93.700,1381,77,10,77,1452,55,1430,0.0,2060
NR_153711.1,NR_044538.1,93.525,1390,80,10,77,1459,51,1437,0.0,2060
NR_153711.1,NR_112685.1,93.511,1387,84,5,77,1459,70,1454,0.0,2060
NR_153711.1,NR_025264.1,93.544,1394,72,17,77,1459,70,1456,0.0,2060
NR_153711.1,NR_118996.1,93.521,1389,80,10,77,1459,90,1474,0.0,2058
NR_153711.1,NR_117184.1,93.534,1392,75,15,77,1459,81,1466,0.0,2058
NR_153711.1,NR_113588.1,93.449,1389,81,10,77,1459,70,1454,0.0,2058
NR_153711.1,NR_116023.1,93.521,1389,80,10,77,1459,68,1452,0.0,2058
NR_153711.1,NR_115325.1,93.516,1388,81,8,77,1459,81,1464,0.0,2058
NR_153711.1,NR_025591.1,93.745,1375,78,8,77,1446,70,1441,0.0,2058
NR_153711.1,NR_024695.1,93.521,1389,80,10,77,1459,83,1467,0.0,2058
NR_153711.1,NR_145934.1,93.997,1366,68,14,77,1435,68,1426,0.0,2056
NR_153711.1,NR_108741.1,93.642,1384,75,12,77,1452,42,1420,0.0,2056
NR_153711.1,NR_114084.1,92.398,1447,96,12,10,1445,15,1458,0.0,2054
NR_153711.1,NR_113777.1,93.444,1388,83,8,77,1459,70,1454,0.0,2054
NR_153711.1,NR_116709.1,93.463,1392,77,11,77,1459,50,1436,0.0,2054
NR_153711.1,NR_025590.1,93.915,1364,76,7,77,1436,70,1430,0.0,2054
NR_153711.1,NR_025473.1,93.449,1389,80,11,77,1459,72,1455,0.0,2054
NR_153711.1,NR_029077.1,93.458,1391,77,14,77,1459,93,1477,0.0,2054
NR_153711.1,NR_147766.1,93.449,1389,82,9,77,1459,36,1421,0.0,2052
NR_153711.1,NR_136461.1,93.439,1387,86,3,77,1459,40,1425,0.0,2052
NR_153711.1,NR_074923.1,93.449,1389,81,10,77,1459,90,1474,0.0,2052
NR_153711.1,NR_118290.1,93.906,1362,79,4,77,1436,40,1399,0.0,2052
NR_153711.1,NR_114064.1,92.060,1461,103,10,10,1459,15,1473,0.0,2052
NR_153711.1,NR_109140.1,93.915,1364,76,7,77,1436,90,1450,0.0,2052
NR_153711.1,NR_108638.1,93.439,1387,86,5,77,1459,64,1449,0.0,2052
NR_153711.1,NR_115934.1,93.444,1388,83,8,78,1459,1,1386,0.0,2052
NR_153711.1,NR_125615.1,93.381,1390,84,8,77,1459,75,1463,0.0,2050
NR_153711.1,NR_114096.1,93.842,1364,77,7,77,1436,70,1430,0.0,2050
NR_153711.1,NR_025122.1,93.367,1387,86,6,77,1459,64,1448,0.0,2050
NR_153711.1,NR_134168.1,92.129,1461,101,11,10,1459,35,1492,0.0,2049
NR_153711.1,NR_117946.1,93.551,1380,81,7,77,1451,72,1448,0.0,2049
NR_153711.1,NR_116886.1,93.372,1388,86,5,77,1459,69,1455,0.0,2049
NR_153711.1,NR_125535.1,93.391,1392,77,13,77,1459,78,1463,0.0,2047
NR_153711.1,NR_042974.1,93.367,1387,86,6,77,1459,58,1442,0.0,2047
NR_153711.1,NR_118955.1,94.139,1348,65,13,77,1418,92,1431,0.0,2047
NR_153711.1,NR_148626.1,93.300,1388,85,8,77,1459,90,1474,0.0,2045
NR_153711.1,NR_114086.1,93.300,1388,85,8,77,1459,71,1455,0.0,2045
NR_153711.1,NR_109459.1,93.305,1389,82,11,77,1459,72,1455,0.0,2043
NR_153711.1,NR_149252.1,93.420,1383,81,9,77,1452,47,1426,0.0,2041
NR_153711.1,NR_117990.1,93.319,1392,78,13,77,1459,78,1463,0.0,2041
NR_153711.1,NR_117050.1,93.242,1391,79,15,77,1459,90,1473,0.0,2041
NR_153711.1,NR_117274.1,93.305,1389,84,8,77,1459,92,1477,0.0,2041
NR_153711.1,NR_042537.1,93.319,1392,78,13,77,1459,90,1475,0.0,2041
NR_153711.1,NR_115283.1,93.309,1390,82,11,79,1459,79,1466,0.0,2041
NR_153711.1,NR_144716.1,93.309,1390,79,13,77,1459,90,1472,0.0,2039
NR_153711.1,NR_040851.1,92.049,1459,103,13,10,1459,45,1499,0.0,2039
NR_153711.1,NR_115282.1,93.819,1359,79,5,77,1433,64,1419,0.0,2039
NR_153711.1,NR_025557.1,94.131,1346,70,9,77,1418,63,1403,0.0,2039
NR_153711.1,NR_145627.1,93.262,1395,75,16,76,1459,93,1479,0.0,2037
NR_153711.1,NR_042084.1,93.247,1392,79,15,77,1459,72,1457,0.0,2037
NR_153711.1,NR_147397.1,93.228,1388,86,8,77,1459,70,1454,0.0,2036
NR_153711.1,NR_117988.1,93.247,1392,79,13,77,1459,78,1463,0.0,2036
NR_153711.1,NR_043267.1,94.241,1337,68,9,77,1408,33,1365,0.0,2034
NR_153711.1,NR_116851.1,93.175,1392,82,13,77,1459,90,1477,0.0,2032
NR_153711.1,NR_044037.1,93.161,1389,87,8,77,1459,64,1450,0.0,2032
NR_153711.1,NR_044204.1,93.175,1392,79,15,77,1459,80,1464,0.0,2030
NR_153711.1,NR_043484.1,93.170,1391,82,13,77,1459,77,1462,0.0,2030
NR_153711.1,NR_133976.1,93.094,1390,88,8,77,1459,37,1425,0.0,2028
NR_153711.1,NR_025370.1,93.012,1388,89,8,77,1459,71,1455,0.0,2028
NR_153711.1,NR_152055.1,91.994,1449,108,7,15,1459,1,1445,0.0,2026
NR_153711.1,NR_147383.1,93.012,1388,91,6,77,1459,70,1456,0.0,2026
NR_153711.1,NR_134701.1,93.261,1380,86,7,77,1451,25,1402,0.0,2026
NR_153711.1,NR_116372.1,91.967,1444,114,2,17,1459,6,1448,0.0,2026
NR_153711.1,NR_112056.1,93.098,1391,80,16,77,1459,65,1447,0.0,2026
NR_153711.1,NR_156073.1,93.094,1390,85,11,77,1459,98,1483,0.0,2025
NR_153711.1,NR_118383.1,93.079,1387,90,5,77,1459,63,1447,0.0,2025
NR_153711.1,NR_117286.1,93.170,1391,75,19,77,1456,38,1419,0.0,2025
NR_153711.1,NR_112722.1,93.103,1392,81,13,77,1459,70,1455,0.0,2025
NR_153711.1,NR_024931.1,93.899,1344,78,4,77,1418,68,1409,0.0,2025
NR_153711.1,NR_026145.1,93.094,1390,85,11,77,1459,70,1455,0.0,2025
NR_153711.1,NR_148762.1,92.600,1419,87,17,49,1459,13,1421,0.0,2023
NR_153711.1,NR_133692.1,92.042,1445,106,7,21,1459,1,1442,0.0,2023
NR_153711.1,NR_133979.1,93.108,1393,76,19,77,1459,59,1441,0.0,2023
NR_153711.1,NR_149287.1,93.037,1393,79,17,77,1459,89,1473,0.0,2021
NR_153711.1,NR_116607.1,92.442,1429,86,21,17,1433,1,1419,0.0,2021
NR_153711.1,NR_042338.1,93.032,1392,82,14,77,1459,81,1466,0.0,2019
NR_153711.1,NR_152690.1,92.965,1393,82,16,77,1459,37,1423,0.0,2015
NR_153711.1,NR_135898.1,92.955,1391,86,11,77,1459,89,1475,0.0,2015
NR_153711.1,NR_040848.1,92.960,1392,84,14,77,1459,100,1486,0.0,2015
NR_153711.1,NR_026143.1,92.960,1392,82,16,77,1459,72,1456,0.0,2015
NR_153711.1,NR_044192.1,92.960,1392,83,13,77,1459,90,1475,0.0,2013
NR_153711.1,NR_036889.1,92.883,1391,86,11,77,1459,70,1455,0.0,2013
NR_153711.1,NR_117028.1,92.878,1390,86,11,77,1459,72,1455,0.0,2012
NR_153711.1,NR_116849.1,92.893,1393,86,13,77,1459,90,1479,0.0,2012
NR_153711.1,NR_114725.1,92.335,1422,96,12,10,1422,6,1423,0.0,2010
NR_153711.1,NR_118451.1,92.945,1389,83,13,77,1456,48,1430,0.0,2008
NR_153711.1,NR_116802.1,92.918,1398,72,21,77,1459,70,1455,0.0,2008
NR_153711.1,NR_041985.1,92.433,1414,95,11,10,1418,6,1412,0.0,2008
NR_153711.1,NR_144578.1,92.801,1389,89,10,77,1459,72,1455,0.0,2006
NR_153711.1,NR_104490.1,91.632,1458,111,9,10,1459,15,1469,0.0,2006
NR_153711.1,NR_042383.1,93.169,1376,77,17,77,1442,65,1433,0.0,2006
NR_153711.1,NR_026142.1,91.575,1460,110,13,10,1459,15,1471,0.0,2006
NR_153711.1,NR_144699.1,92.816,1392,87,13,77,1459,91,1478,0.0,2004
NR_153711.1,NR_134703.1,93.373,1358,83,7,77,1428,42,1398,0.0,2002
NR_153711.1,NR_109664.1,92.914,1383,86,11,77,1451,58,1436,0.0,2002
NR_153711.1,NR_113991.1,92.801,1389,90,9,77,1459,72,1456,0.0,2002
NR_153711.1,NR_117554.1,93.270,1367,78,14,77,1436,78,1437,0.0,2002
NR_153711.1,NR_115752.1,91.875,1440,108,7,26,1459,1,1437,0.0,2002
NR_153711.1,NR_144712.1,92.966,1379,87,9,77,1449,90,1464,0.0,2001
NR_153711.1,NR_113989.1,92.723,1388,93,8,77,1459,70,1454,0.0,2001
NR_153711.1,NR_116821.1,92.017,1428,109,5,12,1436,1,1426,0.0,2001
NR_153711.1,NR_114174.1,92.744,1392,86,13,77,1459,70,1455,0.0,1999
NR_153711.1,NR_116049.1,91.564,1458,109,13,10,1459,16,1467,0.0,1999
NR_153711.1,NR_040849.1,92.749,1393,86,13,77,1459,91,1478,0.0,1999
NR_153711.1,NR_148248.1,92.657,1389,92,10,77,1459,40,1424,0.0,1995
NR_153711.1,NR_116506.1,91.638,1459,96,22,17,1459,4,1452,0.0,1995
NR_153711.1,NR_025812.1,91.952,1429,108,7,12,1436,1,1426,0.0,1995
NR_153711.1,NR_029151.1,92.723,1388,88,11,79,1459,94,1475,0.0,1995
NR_153711.1,NR_134702.1,92.667,1391,89,12,76,1459,40,1424,0.0,1993
NR_153711.1,NR_112780.1,92.662,1390,90,11,77,1459,72,1456,0.0,1993
NR_153711.1,NR_152692.1,92.662,1390,90,11,77,1459,92,1476,0.0,1991
NR_153711.1,NR_121761.1,92.662,1390,90,11,77,1459,89,1473,0.0,1991
NR_153711.1,NR_074540.1,92.657,1389,92,9,77,1459,99,1483,0.0,1991
NR_153711.1,NR_113266.1,92.657,1389,92,9,77,1459,72,1456,0.0,1991
NR_153711.1,NR_115714.1,92.657,1389,92,9,77,1459,92,1476,0.0,1991
NR_153711.1,NR_112630.1,92.657,1389,92,9,77,1459,71,1455,0.0,1991
NR_153711.1,NR_114582.1,92.657,1389,92,9,77,1459,82,1466,0.0,1991
NR_153711.1,NR_114581.1,92.662,1390,90,11,77,1459,82,1466,0.0,1991
NR_153711.1,NR_025130.1,93.467,1347,79,9,77,1418,68,1410,0.0,1991
NR_153711.1,NR_024766.1,92.739,1391,82,17,77,1459,40,1419,0.0,1991
NR_153711.1,NR_115582.1,93.249,1348,80,11,77,1418,91,1433,0.0,1991
NR_153711.1,NR_043403.1,92.662,1390,90,11,77,1459,72,1456,0.0,1991
NR_153711.1,NR_115526.1,92.657,1389,92,9,77,1459,72,1456,0.0,1991
NR_153711.1,NR_118972.1,93.452,1344,79,7,77,1418,91,1427,0.0,1991
NR_153711.1,NR_134073.1,92.729,1389,83,16,77,1455,50,1430,0.0,1989
NR_153711.1,NR_113881.1,92.678,1393,83,18,77,1459,76,1459,0.0,1989
NR_153711.1,NR_116474.1,93.527,1344,75,12,123,1459,3,1341,0.0,1989
NR_153711.1,NR_149766.1,91.388,1463,108,13,10,1459,15,1472,0.0,1988
NR_153711.1,NR_044420.1,92.606,1393,86,16,77,1459,81,1466,0.0,1986
NR_153711.1,NR_036770.1,92.579,1388,89,11,77,1459,89,1467,0.0,1986
NR_153711.1,NR_114066.1,92.534,1393,89,13,77,1459,4,1391,0.0,1984
NR_153711.1,NR_109010.1,92.550,1396,85,18,77,1459,63,1452,0.0,1984
NR_153711.1,NR_135864.1,92.577,1401,74,26,77,1459,67,1455,0.0,1984
NR_153711.1,NR_152058.1,92.518,1390,94,10,77,1459,70,1456,0.0,1982
NR_153711.1,NR_116989.1,92.513,1389,96,6,77,1459,70,1456,0.0,1982
NR_153711.1,NR_024808.1,93.519,1327,81,5,77,1399,63,1388,0.0,1982
NR_153711.1,NR_036860.1,91.283,1457,113,14,10,1459,15,1464,0.0,1982
NR_153711.1,NR_115577.1,93.249,1348,79,12,77,1418,94,1435,0.0,1982
NR_153711.1,NR_113990.1,92.518,1390,92,11,77,1459,72,1456,0.0,1980
NR_153711.1,NR_115993.1,92.518,1390,92,11,77,1459,48,1432,0.0,1980
NR_153711.1,NR_025258.1,92.534,1393,86,17,77,1459,93,1477,0.0,1980
NR_153711.1,NR_115854.1,92.534,1393,87,17,77,1459,89,1474,0.0,1980
NR_153711.1,NR_115200.1,92.518,1390,93,8,77,1459,90,1475,0.0,1980
NR_153711.1,NR_024697.1,92.518,1390,92,11,77,1459,86,1470,0.0,1980
NR_153711.1,NR_036880.1,92.518,1390,92,11,77,1459,68,1452,0.0,1980
NR_153711.1,NR_043416.1,91.713,1424,94,23,10,1418,36,1450,0.0,1978
NR_153711.1,NR_149780.1,91.415,1456,103,19,15,1456,6,1453,0.0,1977
NR_153711.1,NR_148621.1,91.649,1437,106,13,10,1437,35,1466,0.0,1977
NR_153711.1,NR_028620.1,92.401,1395,86,16,77,1459,90,1476,0.0,1977
NR_153711.1,NR_114912.1,92.473,1395,85,16,77,1459,78,1464,0.0,1977
NR_153711.1,NR_041641.1,92.441,1389,93,11,77,1459,72,1454,0.0,1977
NR_153711.1,NR_151985.1,92.457,1392,90,14,77,1459,79,1464,0.0,1975
NR_153711.1,NR_151903.1,92.496,1386,95,9,80,1459,1,1383,0.0,1975
NR_153711.1,NR_149205.1,92.457,1392,90,14,77,1459,96,1481,0.0,1975
NR_153711.1,NR_134003.1,92.468,1394,86,17,77,1459,72,1457,0.0,1975
NR_153711.1,NR_125532.1,92.446,1390,93,9,77,1457,60,1446,0.0,1975
NR_153711.1,NR_025511.1,92.374,1390,94,11,77,1459,70,1454,0.0,1973
NR_153711.1,NR_026141.1,91.183,1463,111,18,10,1459,15,1472,0.0,1973
NR_153711.1,NR_137421.1,95.064,1256,57,5,207,1459,3,1256,0.0,1971
NR_153711.1,NR_118533.1,92.401,1395,86,18,77,1459,92,1478,0.0,1971
NR_153711.1,NR_025650.1,92.396,1394,88,16,77,1459,77,1463,0.0,1971
NR_153711.1,NR_043774.1,92.374,1390,93,12,77,1459,78,1461,0.0,1971
NR_153711.1,NR_024798.1,92.319,1393,92,13,77,1459,73,1460,0.0,1971
NR_153711.1,NR_043088.1,92.094,1404,103,6,57,1456,2,1401,0.0,1971
NR_153711.1,NR_144721.1,92.374,1390,93,13,77,1459,92,1475,0.0,1967
NR_153711.1,NR_146821.1,92.391,1393,87,16,77,1459,90,1473,0.0,1967
NR_153711.1,NR_117419.1,92.435,1388,89,15,77,1454,49,1430,0.0,1967
NR_153711.1,NR_133980.1,92.308,1391,95,11,77,1459,92,1478,0.0,1965
NR_153711.1,NR_125530.1,92.515,1376,97,6,77,1449,28,1400,0.0,1965
NR_153711.1,NR_025819.1,92.297,1389,100,5,77,1459,33,1420,0.0,1965
NR_153711.1,NR_108949.1,92.313,1392,91,15,77,1459,53,1437,0.0,1964
NR_153711.1,NR_116644.1,92.920,1356,86,10,85,1435,1,1351,0.0,1964
NR_153711.1,NR_104493.1,91.229,1448,115,12,10,1449,31,1474,0.0,1964
NR_153711.1,NR_115581.1,92.656,1348,88,11,77,1418,92,1434,0.0,1964
NR_153711.1,NR_026515.1,92.302,1390,95,9,79,1459,77,1463,0.0,1964
NR_153711.1,NR_148289.1,92.291,1388,98,9,77,1459,96,1479,0.0,1962
NR_153711.1,NR_041571.1,91.058,1465,110,21,10,1459,34,1492,0.0,1960
NR_153711.1,NR_136779.1,92.236,1391,94,12,77,1459,70,1454,0.0,1958
NR_153711.1,NR_118440.1,94.444,1278,62,9,103,1375,1,1274,0.0,1958
NR_153711.1,NR_027227.1,92.170,1392,93,15,77,1459,83,1467,0.0,1958
NR_153711.1,NR_144713.1,92.219,1388,99,9,77,1459,92,1475,0.0,1956
NR_153711.1,NR_114270.1,92.225,1389,96,12,77,1459,70,1452,0.0,1956
NR_153711.1,NR_116985.1,92.153,1389,102,5,77,1459,72,1459,0.0,1956
NR_153711.1,NR_042894.1,92.622,1369,88,13,77,1436,70,1434,0.0,1956
NR_153711.1,NR_115580.1,92.894,1351,80,16,77,1418,79,1422,0.0,1956
NR_153711.1,NR_126171.1,92.225,1389,92,14,77,1456,76,1457,0.0,1953
NR_153711.1,NR_043992.1,92.153,1389,97,12,77,1459,49,1431,0.0,1953
NR_153711.1,NR_151896.1,92.081,1389,103,5,77,1459,90,1477,0.0,1949
NR_153711.1,NR_108948.1,92.197,1384,99,9,77,1456,49,1427,0.0,1949
NR_153711.1,NR_108379.1,92.092,1391,99,9,77,1459,90,1477,0.0,1949
NR_153711.1,NR_025628.1,92.098,1392,96,13,77,1459,72,1458,0.0,1949
NR_153711.1,NR_136449.1,91.142,1445,114,13,22,1456,1,1441,0.0,1947
NR_153711.1,NR_109122.1,90.990,1454,118,13,10,1452,35,1486,0.0,1947
NR_153711.1,NR_118950.1,92.634,1344,90,8,77,1418,91,1427,0.0,1947
NR_153711.1,NR_117577.1,92.032,1393,98,12,74,1459,80,1466,0.0,1945
NR_153711.1,NR_042379.1,92.014,1390,102,7,77,1459,72,1459,0.0,1945
NR_153711.1,NR_149288.1,90.859,1466,111,18,10,1459,35,1493,0.0,1943
NR_153711.1,NR_108215.1,91.079,1446,115,12,19,1453,1,1443,0.0,1943
NR_153711.1,NR_043092.1,92.049,1396,87,22,77,1459,70,1454,0.0,1943
NR_153711.1,NR_114942.1,92.043,1395,91,18,77,1459,49,1435,0.0,1943
NR_153711.1,NR_118949.1,92.746,1351,78,17,77,1418,91,1430,0.0,1941
NR_153711.1,NR_025554.1,90.798,1467,112,18,10,1459,7,1467,0.0,1940
NR_153711.1,NR_025741.1,92.975,1338,82,12,77,1407,70,1402,0.0,1940
NR_153711.1,NR_109669.1,91.989,1398,86,21,77,1459,79,1465,0.0,1938
NR_153711.1,NR_108507.1,90.760,1461,119,14,10,1457,39,1496,0.0,1936
NR_153711.1,NR_025627.1,91.948,1391,99,12,77,1459,72,1457,0.0,1936
NR_153711.1,NR_028708.1,91.876,1391,104,5,77,1459,86,1475,0.0,1934
NR_153711.1,NR_113995.1,94.304,1264,67,5,200,1459,1,1263,0.0,1932
NR_153711.1,NR_112786.1,91.905,1396,92,20,77,1459,70,1457,0.0,1932
NR_153711.1,NR_145586.1,92.319,1367,89,15,77,1435,47,1405,0.0,1929
NR_153711.1,NR_025143.1,91.810,1392,102,7,77,1459,72,1460,0.0,1929
NR_153711.1,NR_118971.1,91.902,1346,96,11,77,1418,93,1429,0.0,1929
NR_153711.1,NR_109121.1,90.934,1445,113,16,23,1455,1,1439,0.0,1927
NR_153711.1,NR_114207.1,91.834,1396,91,23,77,1459,72,1457,0.0,1925
NR_153711.1,NR_043653.1,91.228,1425,110,13,22,1436,1,1420,0.0,1925
NR_153711.1,NR_036847.1,91.810,1392,99,14,77,1459,92,1477,0.0,1925
NR_153711.1,NR_116984.1,91.667,1392,104,7,77,1459,72,1460,0.0,1921
NR_153711.1,NR_042225.1,91.721,1389,107,6,77,1459,89,1475,0.0,1921
NR_153711.1,NR_114920.1,91.756,1395,93,22,77,1459,72,1456,0.0,1921
NR_153711.1,NR_042246.1,91.739,1392,102,12,76,1459,75,1461,0.0,1921
NR_153711.1,NR_115530.1,91.667,1392,103,12,76,1459,69,1455,0.0,1921
NR_153711.1,NR_118961.1,89.816,1414,129,11,10,1418,36,1439,0.0,1921
NR_153711.1,NR_118954.1,91.982,1347,93,13,77,1418,93,1429,0.0,1921
NR_153711.1,NR_125657.1,91.781,1387,102,12,80,1459,178,1559,0.0,1919
NR_153711.1,NR_112627.1,91.750,1394,95,20,77,1459,72,1456,0.0,1919
NR_153711.1,NR_041521.1,91.733,1391,101,14,77,1459,70,1454,0.0,1919
NR_153711.1,NR_026526.1,91.685,1395,97,18,77,1459,64,1451,0.0,1917
NR_153711.1,NR_113621.1,91.595,1392,104,12,76,1459,69,1455,0.0,1916
NR_153711.1,NR_109740.1,91.721,1389,99,16,77,1456,54,1435,0.0,1914
NR_153711.1,NR_108838.1,90.746,1448,115,16,26,1459,3,1445,0.0,1914
NR_153711.1,NR_112773.1,91.595,1392,104,12,76,1459,69,1455,0.0,1914
NR_153711.1,NR_040962.1,91.595,1392,104,12,76,1459,69,1455,0.0,1914
NR_153711.1,NR_042073.1,91.679,1394,96,20,77,1459,82,1466,0.0,1914
NR_153711.1,NR_114213.1,91.613,1395,95,22,77,1459,72,1456,0.0,1912
NR_153711.1,NR_044829.1,92.273,1346,92,11,77,1418,85,1422,0.0,1912
NR_153711.1,NR_152694.1,90.802,1446,108,18,26,1455,3,1439,0.0,1910
